companyName,companyLocationTotal,beanOriginTotal
Salgado,Argentina,Brazil
Salgado,Argentina,Ecuador
Salgado,Argentina,Venezuela
Salgado,Argentina,Ecuador
Atypic,Australia,Solomon islands
Bahen & Co.,Australia,Madagascar
Bahen & Co.,Australia,Brazil
Bahen & Co.,Australia,Blend
Bahen & Co.,Australia,Papua new guinea
Bahen & Co.,Australia,Blend
Bright,Australia,Dominican republic
Bright,Australia,Ecuador
Bright,Australia,Madagascar
Bright,Australia,Trinidad
Cravve,Australia,Papua new guinea
Cravve,Australia,Tanzania
Cravve,Australia,Brazil
Cravve,Australia,Fiji
Cravve,Australia,Vanuatu
Cravve,Australia,Vanuatu
Cravve,Australia,Papua new guinea
Daintree,Australia,Australia
Daintree,Australia,Australia
Matale,Australia,Madagascar
Matale,Australia,Papua new guinea
Matale,Australia,Blend
Matale,Australia,Vanuatu
Metiisto,Australia,Solomon islands
Metiisto,Australia,Solomon islands
"Smooth Chocolator, The",Australia,Ecuador
"Smooth Chocolator, The",Australia,Tanzania
"Smooth Chocolator, The",Australia,Trinidad
"Smooth Chocolator, The",Australia,Venezuela
"Smooth Chocolator, The",Australia,Madagascar
"Smooth Chocolator, The",Australia,Papua new guinea
"Smooth Chocolator, The",Australia,Madagascar
"Smooth Chocolator, The",Australia,Peru
"Smooth Chocolator, The",Australia,Bolivia
"Smooth Chocolator, The",Australia,Ecuador
"Smooth Chocolator, The",Australia,Venezuela
"Smooth Chocolator, The",Australia,Belize
"Smooth Chocolator, The",Australia,Australia
"Smooth Chocolator, The",Australia,Guatemala
"Smooth Chocolator, The",Australia,Vietnam
"Smooth Chocolator, The",Australia,Dominican republic
"Smooth Chocolator, The",Australia,Haiti
Spencer,Australia,Vanuatu
Spencer,Australia,Ecuador
Spencer,Australia,Madagascar
Spencer,Australia,Dominican republic
Zokoko,Australia,Bolivia
Zokoko,Australia,Bolivia
Zokoko,Australia,Papua new guinea
Zokoko,Australia,Solomon islands
Zokoko,Australia,Blend
Martin Mayer,Austria,Colombia
Martin Mayer,Austria,Haiti
Martin Mayer,Austria,Bolivia
Zart Pralinen,Austria,Madagascar
Zart Pralinen,Austria,Tanzania
Zart Pralinen,Austria,Trinidad
Zart Pralinen,Austria,Tanzania
Zart Pralinen,Austria,Ecuador
Zart Pralinen,Austria,Trinidad
Zotter,Austria,Brazil
Zotter,Austria,Peru
Zotter,Austria,India
Zotter,Austria,India
Zotter,Austria,Congo
Zotter,Austria,Dominican republic
Zotter,Austria,Dominican republic
Zotter,Austria,Panama
Zotter,Austria,Blend
Zotter,Austria,Peru
Zotter,Austria,Blend
Zotter,Austria,Bolivia
Zotter,Austria,Congo
Zotter,Austria,Peru
Zotter,Austria,Ecuador
Zotter,Austria,Papua new guinea
Zotter,Austria,Blend
Zotter,Austria,Colombia
Zotter,Austria,Belize
Zotter,Austria,Congo
Zotter,Austria,Blend
Belcolade,Belgium,Ecuador
Belcolade,Belgium,Costa rica
Belcolade,Belgium,Papua new guinea
Belcolade,Belgium,Peru
Benoit Nihant,Belgium,Indonesia
Benoit Nihant,Belgium,Madagascar
Benoit Nihant,Belgium,Ecuador
Benoit Nihant,Belgium,Cuba
Benoit Nihant,Belgium,Venezuela
Benoit Nihant,Belgium,Venezuela
Chocolatoa,Belgium,India
Darcis,Belgium,Vietnam
Darcis,Belgium,Peru
Dolfin (Belcolade),Belgium,Blend
Dolfin (Belcolade),Belgium,Blend
Frederic Blondeel,Belgium,Ghana
Frederic Blondeel,Belgium,Madagascar
Frederic Blondeel,Belgium,Costa rica
Frederic Blondeel,Belgium,Peru
Frederic Blondeel,Belgium,Vietnam
Legast,Belgium,Peru
Legast,Belgium,Costa rica
Legast,Belgium,Colombia
Mike & Becky,Belgium,Belize
Mike & Becky,Belgium,India
Mike & Becky,Belgium,Peru
Mike & Becky,Belgium,Dominican republic
Millesime,Belgium,Ecuador
Millesime,Belgium,India
Millesime,Belgium,Brazil
Neuhaus (Callebaut),Belgium,Venezuela
Neuhaus (Callebaut),Belgium,Sao tome
Neuhaus (Callebaut),Belgium,Blend
Neuhaus (Callebaut),Belgium,Blend
Neuhaus (Callebaut),Belgium,Trinidad
Neuhaus (Callebaut),Belgium,Papua new guinea
Pierre Marcolini,Belgium,Mexico
Pierre Marcolini,Belgium,Venezuela
Pierre Marcolini,Belgium,Indonesia
Pierre Marcolini,Belgium,Blend
Pierre Marcolini,Belgium,Madagascar
Pierre Marcolini,Belgium,Ecuador
Pierre Marcolini,Belgium,Blend
Pierre Marcolini,Belgium,Brazil
Pierre Marcolini,Belgium,Mexico
Pierre Marcolini,Belgium,Cuba
Pierre Marcolini,Belgium,Trinidad
Pierre Marcolini,Belgium,Venezuela
Pierre Marcolini,Belgium,Peru
Pierre Marcolini,Belgium,Cameroon
Pierre Marcolini,Belgium,Madagascar
Pierre Marcolini,Belgium,Cameroon
Zoto (Chocolatoa),Belgium,Nicaragua
Zoto (Chocolatoa),Belgium,Nicaragua
Zoto (Chocolatoa),Belgium,Nicaragua
Zoto (Chocolatoa),Belgium,Dr congo
El Ceibo,Bolivia,Bolivia
El Ceibo,Bolivia,Bolivia
AMMA,Brazil,Brazil
AMMA,Brazil,Brazil
AMMA,Brazil,Brazil
AMMA,Brazil,Brazil
AMMA,Brazil,Brazil
Baiani,Brazil,Brazil
Casa Lasevicius,Brazil,Brazil
Casa Lasevicius,Brazil,Brazil
De Mendes,Brazil,Brazil
De Mendes,Brazil,Brazil
Luisa Abram,Brazil,Brazil
Luisa Abram,Brazil,Brazil
Mestico,Brazil,Brazil
Mission,Brazil,Brazil
Mission,Brazil,Brazil
Mission,Brazil,Puerto rico
Nugali,Brazil,Brazil
Q Chocolate,Brazil,Brazil
Q Chocolate,Brazil,Brazil
Q Chocolate,Brazil,Brazil
Q Chocolate,Brazil,Brazil
Q Chocolate,Brazil,Brazil
Q Chocolate,Brazil,Brazil
Ambrosia,Canada,Peru
Ambrosia,Canada,Madagascar
Ambrosia,Canada,Dominican republic
Ambrosia,Canada,Papua new guinea
Ambrosia,Canada,Venezuela
Ambrosia,Canada,Belize
Cacao 70,Canada,Bolivia
Cacao 70,Canada,Guatemala
Cacao 70,Canada,Guatemala
Chaleur B,Canada,Uganda
Chocolats Privilege,Canada,Mexico
Choklat,Canada,Brazil
Choklat,Canada,Brazil
Choklat,Canada,Venezuela
Choklat,Canada,Mexico
Choklat,Canada,Venezuela
Choocsol,Canada,Mexico
Coco,Canada,Peru
Desbarres,Canada,Tanzania
Desbarres,Canada,Guatemala
East Van Roasters,Canada,Dominican republic
East Van Roasters,Canada,Madagascar
East Van Roasters,Canada,Peru
Eau de Rose,Canada,Colombia
Eau de Rose,Canada,Colombia
Finnia,Canada,Blend
Finnia,Canada,Mexico
Finnia,Canada,Honduras
Finnia,Canada,Colombia
Habitual,Canada,Blend
Habitual,Canada,Dominican republic
Habitual,Canada,U.s.a.
Habitual,Canada,Blend
Habitual,Canada,Blend
Habitual,Canada,Papua new guinea
Habitual,Canada,Blend
Habitual,Canada,Blend
Hummingbird,Canada,Venezuela
Hummingbird,Canada,Venezuela
Hummingbird,Canada,Dominican republic
Hummingbird,Canada,Dominican republic
Hummingbird,Canada,Bolivia
Hummingbird,Canada,Bolivia
Hummingbird,Canada,Nicaragua
Hummingbird,Canada,Vietnam
Kin + Pod,Canada,Colombia
Marigold's Finest,Canada,Blend
McGuire,Canada,Belize
McGuire,Canada,Guatemala
Monarque,Canada,Dominican republic
Olivia,Canada,Blend
Olivia,Canada,Blend
Olivia,Canada,Blend
Olivia,Canada,Blend
organicfair,Canada,Dominican republic
organicfair,Canada,Ecuador
organicfair,Canada,Belize
organicfair,Canada,Dominican republic
organicfair,Canada,Nicaragua
Palette de Bine,Canada,Madagascar
Palette de Bine,Canada,Trinidad
Palette de Bine,Canada,Blend
Palette de Bine,Canada,Bolivia
Palette de Bine,Canada,Ecuador
Palette de Bine,Canada,Vietnam
Palette de Bine,Canada,Tanzania
Palette de Bine,Canada,Bolivia
Palette de Bine,Canada,Trinidad
Palette de Bine,Canada,Belize
Palette de Bine,Canada,Guatemala
Palette de Bine,Canada,Haiti
Palette de Bine,Canada,Peru
Palette de Bine,Canada,Dominican republic
Palette de Bine,Canada,Peru
Petite Patrie,Canada,Peru
Qantu,Canada,Peru
Qantu,Canada,Peru
Qantu,Canada,Peru
Sirene,Canada,Madagascar
Sirene,Canada,Madagascar
Sirene,Canada,Ecuador
Sirene,Canada,Guatemala
Sirene,Canada,Haiti
Sirene,Canada,Madagascar
Sirene,Canada,Ecuador
Sirene,Canada,Guatemala
Sirene,Canada,Ecuador
Sirene,Canada,Bolivia
Sirene,Canada,Tanzania
Sirene,Canada,Peru
Soma,Canada,Madagascar
Soma,Canada,Venezuela
Soma,Canada,Ghana
Soma,Canada,Papua new guinea
Soma,Canada,Dominican republic
Soma,Canada,Dominican republic
Soma,Canada,Blend
Soma,Canada,Peru
Soma,Canada,Blend
Soma,Canada,Dominican republic
Soma,Canada,Bolivia
Soma,Canada,Venezuela
Soma,Canada,Grenada
Soma,Canada,Blend
Soma,Canada,Blend
Soma,Canada,U.s.a.
Soma,Canada,Venezuela
Soma,Canada,Guatemala
Soma,Canada,Blend
Soma,Canada,Papua new guinea
Soma,Canada,Haiti
Soma,Canada,Blend
Soma,Canada,Venezuela
Soma,Canada,Blend
Soma,Canada,Jamaica
Soma,Canada,Dominican republic
Soma,Canada,Trinidad
Soma,Canada,Venezuela
Soma,Canada,Indonesia
Soma,Canada,Blend
Soma,Canada,Venezuela
Soma,Canada,Peru
Soma,Canada,Peru
Soma,Canada,Vanuatu
Soma,Canada,Nicaragua
Soma,Canada,Ecuador
Soma,Canada,Nicaragua
Soma,Canada,Blend
Soma,Canada,Venezuela
Soma,Canada,Venezuela
Soma,Canada,Vietnam
Soma,Canada,Nicaragua
Soma,Canada,Blend
Soma,Canada,Dominican republic
Soma,Canada,Madagascar
Soma,Canada,Brazil
Soma,Canada,Ecuador
Soma,Canada,Colombia
Soma,Canada,Fiji
Soma,Canada,Madagascar
Soma,Canada,Venezuela
Soma,Canada,Haiti
Soul,Canada,Madagascar
Soul,Canada,Venezuela
Soul,Canada,Tanzania
Soul,Canada,Dominican republic
Soul,Canada,Ecuador
Soul,Canada,Papua new guinea
Sweetness,Canada,Peru
Sweetness,Canada,Papua new guinea
Sweetness,Canada,Mexico
Tribe,Canada,Peru
Tribe,Canada,Vietnam
Tribe,Canada,Honduras
Uncouth,Canada,Guatemala
Uncouth,Canada,Tanzania
Uncouth,Canada,Dominican republic
Vaka,Canada,Belize
Obolo,Chile,Peru
Obolo,Chile,Peru
Cacao Hunters,Colombia,Colombia
Cacao Hunters,Colombia,Colombia
Cacao Hunters,Colombia,Colombia
Cacao Hunters,Colombia,Colombia
Cacao Hunters,Colombia,Colombia
Cacao Hunters,Colombia,Colombia
Cacao Hunters,Colombia,Colombia
Carlotta Chocolat,Colombia,Colombia
Carlotta Chocolat,Colombia,Colombia
Carlotta Chocolat,Colombia,Colombia
Carlotta Chocolat,Colombia,Colombia
Carlotta Chocolat,Colombia,Colombia
Luker,Colombia,Colombia
Luker,Colombia,Blend
Luker,Colombia,Blend
Luker,Colombia,Blend
Manifesto Cacao,Colombia,Colombia
Santander (Compania Nacional),Colombia,Colombia
Santander (Compania Nacional),Colombia,Colombia
Santander (Compania Nacional),Colombia,Colombia
Santander (Compania Nacional),Colombia,Colombia
Santander (Compania Nacional),Colombia,Colombia
Tibito,Colombia,Colombia
Tibito,Colombia,Colombia
Caribeans,Costa rica,Costa rica
Caribeans,Costa rica,Costa rica
Caribeans,Costa rica,Guatemala
Caribeans,Costa rica,Costa rica
Caribeans,Costa rica,Costa rica
Nahua,Costa rica,Costa rica
Nahua,Costa rica,Costa rica
Sibu,Costa rica,Costa rica
Sibu,Costa rica,Costa rica
Jordis,Czech republic,Madagascar
Jordis,Czech republic,Venezuela
Misina,Czech republic,Vietnam
Friis Holm,Denmark,Nicaragua
Friis Holm,Denmark,Nicaragua
Friis Holm,Denmark,Guatemala
Friis Holm,Denmark,Nicaragua
Friis Holm,Denmark,Nicaragua
Friis Holm,Denmark,Nicaragua
Friis Holm,Denmark,Nicaragua
Friis Holm,Denmark,Nicaragua
Friis Holm,Denmark,Nicaragua
Friis Holm,Denmark,Nicaragua
Friis Holm,Denmark,Nicaragua
Friis Holm,Denmark,Nicaragua
Friis Holm,Denmark,Nicaragua
Friis Holm (Bonnat),Denmark,Nicaragua
Friis Holm (Bonnat),Denmark,Nicaragua
Friis Holm (Bonnat),Denmark,Nicaragua
Friis Holm (Bonnat),Denmark,Nicaragua
Friis Holm (Bonnat),Denmark,Nicaragua
Friis Holm (Bonnat),Denmark,Honduras
Friis Holm (Bonnat),Denmark,Nicaragua
Friis Holm (Bonnat),Denmark,Nicaragua
Friis Holm (Bonnat),Denmark,Nicaragua
Friis Holm (Bonnat),Denmark,Nicaragua
Friis Holm (Bonnat),Denmark,Nicaragua
Friis Holm (Bonnat),Denmark,Nicaragua
Mellow,Denmark,Philippines
Mellow,Denmark,Tanzania
Mellow,Denmark,Dominican republic
Mellow,Denmark,Ecuador
Summerbird,Denmark,Peru
Summerbird,Denmark,Peru
Definite,Dominican republic,Dominican republic
Definite,Dominican republic,Dominican republic
Definite,Dominican republic,Dominican republic
Kah Kow,Dominican republic,Dominican republic
Kah Kow,Dominican republic,Dominican republic
Kah Kow,Dominican republic,Dominican republic
Kah Kow,Dominican republic,Dominican republic
Kah Kow - USA,Dominican republic,Dominican republic
Kah Kow - USA,Dominican republic,Dominican republic
Kah Kow - USA,Dominican republic,Dominican republic
Xocolat,Dominican republic,Dominican republic
Aequare (Gianduja),Ecuador,Ecuador
Aequare (Gianduja),Ecuador,Ecuador
Bouga Cacao (Tulicorp),Ecuador,Ecuador
Cacaoyere (Ecuatoriana),Ecuador,Ecuador
Cacaoyere (Ecuatoriana),Ecuador,Ecuador
Cacaoyere (Ecuatoriana),Ecuador,Ecuador
Cacaoyere (Ecuatoriana),Ecuador,Ecuador
Caoni (Tulicorp),Ecuador,Ecuador
Caoni (Tulicorp),Ecuador,Ecuador
Caoni (Tulicorp),Ecuador,Ecuador
Caoni (Tulicorp),Ecuador,Ecuador
Caoni (Tulicorp),Ecuador,Ecuador
Caoni (Tulicorp),Ecuador,Ecuador
Chchukululu (Tulicorp),Ecuador,Ecuador
Chchukululu (Tulicorp),Ecuador,Ecuador
Hacienda El Castillo,Ecuador,Ecuador
Hacienda El Castillo,Ecuador,Ecuador
Hoja Verde (Tulicorp),Ecuador,Ecuador
Hoja Verde (Tulicorp),Ecuador,Ecuador
Hoja Verde (Tulicorp),Ecuador,Ecuador
Hoja Verde (Tulicorp),Ecuador,Ecuador
Hoja Verde (Tulicorp),Ecuador,Ecuador
Kallari (Ecuatoriana),Ecuador,Ecuador
Kallari (Ecuatoriana),Ecuador,Ecuador
Kallari (Ecuatoriana),Ecuador,Ecuador
Kallari (Ecuatoriana),Ecuador,Ecuador
Kallari (Ecuatoriana),Ecuador,Ecuador
Kallari (Ecuatoriana),Ecuador,Ecuador
Kallari (Ecuatoriana),Ecuador,Ecuador
Kallari (Ecuatoriana),Ecuador,Ecuador
Nikoa,Ecuador,Ecuador
Pacari,Ecuador,Ecuador
Pacari,Ecuador,Ecuador
Pacari,Ecuador,Ecuador
Pacari,Ecuador,Ecuador
Pacari,Ecuador,Ecuador
Pacari,Ecuador,Peru
Pacari,Ecuador,Ecuador
Pacari,Ecuador,Ecuador
Pacari,Ecuador,Ecuador
Pacari,Ecuador,Ecuador
Pacari,Ecuador,Ecuador
Pacari,Ecuador,Colombia
Republica del Cacao (aka Confecta),Ecuador,Ecuador
Republica del Cacao (aka Confecta),Ecuador,Ecuador
Republica del Cacao (aka Confecta),Ecuador,Ecuador
Republica del Cacao (aka Confecta),Ecuador,Ecuador
Republica del Cacao (aka Confecta),Ecuador,Ecuador
San Jose,Ecuador,Ecuador
To'ak (Ecuatoriana),Ecuador,Ecuador
Xocolatisimo,El salvador,El salvador
Xocolatisimo,El salvador,El salvador
Xocolatisimo,El salvador,El salvador
Adi aka Fijiana (Easy In Ltd),Fiji,Fiji
Adi aka Fijiana (Easy In Ltd),Fiji,Fiji
Adi aka Fijiana (Easy In Ltd),Fiji,Fiji
Adi aka Fijiana (Easy In Ltd),Fiji,Fiji
Levy,Finland,Madagascar
Lilla,Finland,Madagascar
A. Morin,France,Peru
A. Morin,France,Bolivia
A. Morin,France,Venezuela
A. Morin,France,Peru
A. Morin,France,Ecuador
A. Morin,France,Peru
A. Morin,France,Brazil
A. Morin,France,Papua new guinea
A. Morin,France,Peru
A. Morin,France,Madagascar
A. Morin,France,Burma
A. Morin,France,Panama
A. Morin,France,Colombia
A. Morin,France,Peru
A. Morin,France,Venezuela
A. Morin,France,Cuba
A. Morin,France,Venezuela
A. Morin,France,Venezuela
A. Morin,France,Togo
A. Morin,France,Peru
A. Morin,France,Togo
A. Morin,France,Togo
A. Morin,France,Sao tome
A. Morin,France,Peru
A. Morin,France,Venezuela
Alain Ducasse,France,Venezuela
Alain Ducasse,France,Peru
Alain Ducasse,France,Madagascar
Alain Ducasse,France,Trinidad
Alain Ducasse,France,Vietnam
Alain Ducasse,France,Mexico
Ara,France,Madagascar
Ara,France,Venezuela
Ara,France,Ecuador
Ara,France,Mexico
Bernachon,France,Blend
Bonnat,France,Venezuela
Bonnat,France,Venezuela
Bonnat,France,Blend
Bonnat,France,Venezuela
Bonnat,France,Madagascar
Bonnat,France,Sri lanka
Bonnat,France,Ecuador
Bonnat,France,Venezuela
Bonnat,France,Ivory coast
Bonnat,France,Mexico
Bonnat,France,Mexico
Bonnat,France,Peru
Bonnat,France,Haiti
Bonnat,France,Madagascar
Bonnat,France,Brazil
Bonnat,France,Cuba
Bonnat,France,Peru
Bonnat,France,Peru
Bonnat,France,Brazil
Bonnat,France,Jamaica
Bonnat,France,Brazil
Bonnat,France,Gabon
Bonnat,France,Brazil
Bonnat,France,Blend
Bonnat,France,Dominican republic
Bonnat,France,Mexico
Bonnat,France,Peru
Bonnat,France,Blend
Cacao Barry,France,Mexico
Cacao Barry,France,Venezuela
Cacao Barry,France,Tanzania
Cacao Barry,France,Dominican republic
Cacao Barry,France,Haiti
Chapon,France,Bolivia
Chapon,France,Venezuela
Debauve & Gallais (Michel Cluizel),France,Venezuela
Debauve & Gallais (Michel Cluizel),France,Papua new guinea
Encuentro,France,Haiti
Encuentro,France,Guatemala
Encuentro,France,Madagascar
Encuentro,France,Dominican republic
Erithaj (A. Morin),France,Vietnam
Erithaj (A. Morin),France,Vietnam
Erithaj (A. Morin),France,Vietnam
La Feverie (Hasnaa),France,Belize
La Feverie (Hasnaa),France,Guatemala
La Feverie (Hasnaa),France,Peru
La Maison du Chocolat (Valrhona),France,Blend
La Maison du Chocolat (Valrhona),France,Blend
La Maison du Chocolat (Valrhona),France,Venezuela
La Maison du Chocolat (Valrhona),France,Ghana
La Maison du Chocolat (Valrhona),France,Blend
La Maison du Chocolat (Valrhona),France,Grenada
La Maison du Chocolat (Valrhona),France,Dominican republic
La Maison du Chocolat (Valrhona),France,Tobago
La Maison du Chocolat (Valrhona),France,Ecuador
La Maison du Chocolat (Valrhona),France,Blend
Laia aka Chat-Noir,France,Cuba
Laia aka Chat-Noir,France,Blend
Laia aka Chat-Noir,France,Vietnam
Laia aka Chat-Noir,France,Sao tome
Laia aka Chat-Noir,France,Peru
Laia aka Chat-Noir,France,Brazil
Laia aka Chat-Noir,France,Cuba
Laia aka Chat-Noir,France,Ivory coast
Laia aka Chat-Noir,France,Madagascar
Laia aka Chat-Noir,France,Vietnam
Michel Cluizel,France,Dominican republic
Michel Cluizel,France,Madagascar
Michel Cluizel,France,Papua new guinea
Michel Cluizel,France,Sao tome
Michel Cluizel,France,Blend
Michel Cluizel,France,Blend
Michel Cluizel,France,Blend
Michel Cluizel,France,Venezuela
Michel Cluizel,France,Sao tome
Michel Cluizel,France,Mexico
Michel Cluizel,France,Colombia
Michel Cluizel,France,Guatemala
Michel Cluizel,France,Brazil
Pralus,France,Jamaica
Pralus,France,Ecuador
Pralus,France,Blend
Pralus,France,Vanuatu
Pralus,France,Cuba
Pralus,France,Blend
Pralus,France,Brazil
Pralus,France,Sao tome
Pralus,France,Brazil
Pralus,France,Madagascar
Pralus,France,Dominican republic
Pralus,France,Venezuela
Pralus,France,Venezuela
Pralus,France,Venezuela
Pralus,France,Peru
Pralus,France,Sao tome & principe
Pralus,France,Tanzania
Pralus,France,Ecuador
Pralus,France,Trinidad
Pralus,France,Ghana
Pralus,France,Papua new guinea
Pralus,France,Papua new guinea
Pralus,France,Indonesia
Pralus,France,Venezuela
Pralus,France,Madagascar
Pralus,France,Colombia
Raoul Boulanger,France,Peru
Santome,France,Sao tome
Valrhona,France,Blend
Valrhona,France,Madagascar
Valrhona,France,Blend
Valrhona,France,Venezuela
Valrhona,France,Trinidad
Valrhona,France,Madagascar
Valrhona,France,Venezuela
Valrhona,France,Venezuela
Valrhona,France,Blend
Valrhona,France,Blend
Valrhona,France,Blend
Valrhona,France,Blend
Valrhona,France,Dominican republic
Valrhona,France,Ecuador
Valrhona,France,Ghana
Valrhona,France,Venezuela
Valrhona,France,Blend
Valrhona,France,Venezuela
Valrhona,France,Blend
Valrhona,France,Dominican republic
Valrhona,France,Peru
Valrhona,France,Blend
Vietcacao (A. Morin),France,Vietnam
Belyzium,Germany,Belize
Belyzium,Germany,Belize
Belyzium,Germany,Belize
Choco Del Sol,Germany,Belize
Choco Del Sol,Germany,Belize
Coppeneur,Germany,Madagascar
Coppeneur,Germany,Mexico
Coppeneur,Germany,Venezuela
Coppeneur,Germany,Venezuela
Coppeneur,Germany,Venezuela
Coppeneur,Germany,Peru
Coppeneur,Germany,Peru
Coppeneur,Germany,Grenada
Coppeneur,Germany,Jamaica
Coppeneur,Germany,Venezuela
Coppeneur,Germany,Venezuela
Coppeneur,Germany,Trinidad
Coppeneur,Germany,Ecuador
Coppeneur,Germany,Blend
Coppeneur,Germany,Ghana
Coppeneur,Germany,Madagascar
Coppeneur,Germany,Ecuador
Coppeneur,Germany,Ghana
Edelmond,Germany,Venezuela
Georgia Ramon,Germany,Ghana
Georgia Ramon,Germany,Dominican republic
Georgia Ramon,Germany,Dominican republic
Georgia Ramon,Germany,Madagascar
Georgia Ramon,Germany,Madagascar
Georgia Ramon,Germany,St. lucia
Georgia Ramon,Germany,Venezuela
Georgia Ramon,Germany,Guatemala
Georgia Ramon,Germany,Venezuela
Hachez,Germany,Ecuador
Heilemann,Germany,Peru
Meybol,Germany,Peru
Oialla by Bojessen (Malmo),Germany,Bolivia
Oialla by Bojessen (Malmo),Germany,Brazil
Timo A. Meyer,Germany,Belize
Omanhene,Ghana,Ghana
Grenada Chocolate Co.,Grenada,Grenada
Grenada Chocolate Co.,Grenada,Grenada
Grenada Chocolate Co.,Grenada,Grenada
Danta,Guatemala,Guatemala
Danta,Guatemala,Guatemala
Danta,Guatemala,Guatemala
Danta,Guatemala,Guatemala
Danta,Guatemala,Guatemala
Danta,Guatemala,Madagascar
Danta,Guatemala,Guatemala
Danta,Guatemala,Venezuela
Danta,Guatemala,Guatemala
Rain Republic,Guatemala,Guatemala
Mesocacao,Honduras,Honduras
Mesocacao,Honduras,Nicaragua
Mesocacao,Honduras,Honduras
Mesocacao,Honduras,Nicaragua
Mesocacao,Honduras,El salvador
Mesocacao,Honduras,El salvador
Chococard (Lapos),Hungary,Dominican republic
Chococard (Lapos),Hungary,Nicaragua
Rozsavolgyi,Hungary,Venezuela
Rozsavolgyi,Hungary,Venezuela
Rozsavolgyi,Hungary,Principe
Rozsavolgyi,Hungary,Venezuela
Rozsavolgyi,Hungary,Venezuela
Rozsavolgyi,Hungary,Madagascar
Rozsavolgyi,Hungary,Venezuela
Rozsavolgyi,Hungary,Venezuela
Szanto Tibor,Hungary,Venezuela
Szanto Tibor,Hungary,Peru
Szanto Tibor,Hungary,Dominican republic
Szanto Tibor,Hungary,Madagascar
Szanto Tibor,Hungary,Madagascar
Szanto Tibor,Hungary,Madagascar
Szanto Tibor,Hungary,Nicaragua
Szanto Tibor,Hungary,Cuba
Szanto Tibor,Hungary,Venezuela
Szanto Tibor,Hungary,Ecuador
Szanto Tibor,Hungary,Brazil
Szanto Tibor,Hungary,Ecuador
Szanto Tibor,Hungary,Cuba
Szanto Tibor,Hungary,Madagascar
Szanto Tibor,Hungary,Vietnam
Omnom,Iceland,Madagascar
Omnom,Iceland,Papua new guinea
Omnom,Iceland,Tanzania
Omnom,Iceland,Nicaragua
Indah,India,India
Soklet,India,India
Nearynogs,Ireland,Dominican republic
Wilkie's Organic,Ireland,Peru
Wilkie's Organic,Ireland,Peru
Wilkie's Organic,Ireland,Peru
Wilkie's Organic,Ireland,Peru
Holy Cacao,Israel,Dominican republic
Holy Cacao,Israel,Peru
Holy Cacao,Israel,Dominican republic
Holy Cacao,Israel,Ivory coast
Holy Cacao,Israel,Ecuador
Holy Cacao,Israel,Madagascar
Holy Cacao,Israel,Trinidad
Holy Cacao,Israel,Venezuela
Holy Cacao,Israel,Peru
Amedei,Italy,Blend
Amedei,Italy,Venezuela
Amedei,Italy,Grenada
Amedei,Italy,Trinidad
Amedei,Italy,Blend
Amedei,Italy,Ecuador
Amedei,Italy,Jamaica
Amedei,Italy,Peru
Amedei,Italy,Blend
Amedei,Italy,Madagascar
Amedei,Italy,Venezuela
Amedei,Italy,Venezuela
Amedei,Italy,Blend
C-Amaro,Italy,Trinidad
C-Amaro,Italy,Sao tome
C-Amaro,Italy,Venezuela
C-Amaro,Italy,Ecuador
C-Amaro,Italy,Blend
C-Amaro,Italy,Dominican republic
C-Amaro,Italy,Cuba
Domori,Italy,Venezuela
Domori,Italy,Peru
Domori,Italy,Venezuela
Domori,Italy,Venezuela
Domori,Italy,Ecuador
Domori,Italy,Venezuela
Domori,Italy,Indonesia
Domori,Italy,Madagascar
Domori,Italy,Madagascar
Domori,Italy,Venezuela
Domori,Italy,Venezuela
Domori,Italy,Blend
Domori,Italy,Blend
Domori,Italy,Venezuela
Domori,Italy,Colombia
Domori,Italy,Venezuela
Domori,Italy,Venezuela
Domori,Italy,Venezuela
Domori,Italy,Tanzania
Domori,Italy,Ecuador
Domori,Italy,Venezuela
Domori,Italy,Tanzania
Guido Castagna,Italy,Blend
Guido Castagna,Italy,Ecuador
Guido Castagna,Italy,Ghana
Guido Castagna,Italy,Blend
Guido Castagna,Italy,Venezuela
Guido Castagna,Italy,Madagascar
Maglio,Italy,Dominican republic
Maglio,Italy,Cuba
Maglio,Italy,Ecuador
Maglio,Italy,Tanzania
Majani,Italy,Ecuador
Pura Delizia,Italy,Venezuela
Pura Delizia,Italy,Dominican republic
Pura Delizia,Italy,Vietnam
Pura Delizia,Italy,Philippines
Pura Delizia,Italy,Ecuador
Pura Delizia,Italy,Papua new guinea
Ruket,Italy,Honduras
Ruket,Italy,Nicaragua
Ruket,Italy,Haiti
Silvio Bessone,Italy,Sao tome
Silvio Bessone,Italy,Brazil
Silvio Bessone,Italy,Belize
Silvio Bessone,Italy,Colombia
Urzi,Italy,Venezuela
Cacao Store,Japan,Vietnam
Cacao Store,Japan,Peru
Cacao Store,Japan,Madagascar
Emily's,Japan,Peru
Emily's,Japan,Venezuela
Green Bean to Bar,Japan,Madagascar
Green Bean to Bar,Japan,Peru
Milton,Japan,Peru
Milton,Japan,Madagascar
Milton,Japan,Vietnam
Milton,Japan,Brazil
Minimal,Japan,Haiti
Musee du Chocolat Theobroma,Japan,Venezuela
Palet D'Or,Japan,Cuba
Palet D'Or,Japan,Haiti
Palet D'Or,Japan,Vietnam
Sweet Escalier,Japan,Venezuela
Sweet Escalier,Japan,Belize
Sweet Escalier,Japan,Brazil
Sweet Escalier,Japan,Tanzania
Sweet Escalier,Japan,Peru
Tablette (aka Vanillabeans),Japan,Papua new guinea
Tablette (aka Vanillabeans),Japan,Vietnam
Tablette (aka Vanillabeans),Japan,Colombia
Tablette (aka Vanillabeans),Japan,Trinidad
Theobroma,Japan,Peru
Naive,Lithuania,Grenada
Naive,Lithuania,Blend
Naive,Lithuania,Peru
Naive,Lithuania,Nicaragua
Naive,Lithuania,Venezuela
Naive,Lithuania,Venezuela
Naive,Lithuania,El salvador
Naive,Lithuania,Nicaragua
Madecasse (Cinagra),Madagascar,Madagascar
Madecasse (Cinagra),Madagascar,Madagascar
Madecasse (Cinagra),Madagascar,Madagascar
Madecasse (Cinagra),Madagascar,Madagascar
Malagasy (Chocolaterie Robert),Madagascar,Madagascar
Malagasy (Chocolaterie Robert),Madagascar,Madagascar
Menakao (aka Cinagra),Madagascar,Madagascar
Menakao (aka Cinagra),Madagascar,Madagascar
Robert (aka Chocolaterie Robert),Madagascar,Madagascar
Robert (aka Chocolaterie Robert),Madagascar,Madagascar
Vao Vao (Chocolaterie Robert),Madagascar,Madagascar
Vao Vao (Chocolaterie Robert),Madagascar,Madagascar
Vao Vao (Chocolaterie Robert),Madagascar,Madagascar
Bonaterra,Malaysia,Malaysia
Bonaterra,Malaysia,Malaysia
Bonaterra,Malaysia,Malaysia
Chokolat Elot (Girard),Martinique,Martinique
Ah Cacao,Mexico,Mexico
Ki' Xocolatl,Mexico,Mexico
La Rifa,Mexico,Mexico
La Rifa,Mexico,Mexico
La Rifa,Mexico,Mexico
MUCHO,Mexico,Mexico
Quetzalli (Wolter),Mexico,Mexico
Quetzalli (Wolter),Mexico,Mexico
Alexandre,Netherlands,Ecuador
Alexandre,Netherlands,Nicaragua
Alexandre,Netherlands,Tanzania
Alexandre,Netherlands,Vietnam
Chocolate Makers,Netherlands,Peru
Chocolate Makers,Netherlands,Congo
Chocolate Makers,Netherlands,Dominican republic
Heinde & Verre,Netherlands,Venezuela
Heinde & Verre,Netherlands,Indonesia
Heinde & Verre,Netherlands,Blend
Krak,Netherlands,Mexico
Krak,Netherlands,Belize
Krak,Netherlands,Vietnam
Krak,Netherlands,Mexico
Krak,Netherlands,Philippines
Krak,Netherlands,Madagascar
Krak,Netherlands,Papua new guinea
Krak,Netherlands,Colombia
Metropolitan,Netherlands,Blend
Soeka,Netherlands,Sulawesi
Captain Pembleton,New zealand,Papua new guinea
Captain Pembleton,New zealand,Papua new guinea
Foundry,New zealand,Ecuador
Foundry,New zealand,Peru
Foundry,New zealand,Tanzania
Foundry,New zealand,Papua new guinea
Foundry,New zealand,Bolivia
Foundry,New zealand,Vanuatu
Foundry,New zealand,Colombia
Hogarth,New zealand,Peru
Hogarth,New zealand,Dominican republic
Hogarth,New zealand,Madagascar
Hogarth,New zealand,Venezuela
Hogarth,New zealand,Ecuador
Hogarth,New zealand,Venezuela
Ocho,New zealand,Papua new guinea
Ocho,New zealand,Papua new guinea
Ocho,New zealand,Papua new guinea
Ocho,New zealand,Papua new guinea
Ocho,New zealand,Samoa
Ocho,New zealand,Samoa
Solomons Gold,New zealand,Solomon islands
Solomons Gold,New zealand,Solomon islands
Wellington Chocolate Factory,New zealand,Dominican republic
Wellington Chocolate Factory,New zealand,Peru
Wellington Chocolate Factory,New zealand,Samoa
Argencove,Nicaragua,Nicaragua
Argencove,Nicaragua,Nicaragua
Argencove,Nicaragua,Nicaragua
Argencove,Nicaragua,Nicaragua
Momotombo,Nicaragua,Nicaragua
Momotombo,Nicaragua,Nicaragua
Momotombo,Nicaragua,Nicaragua
Nova Monda,Nicaragua,Ecuador
Nova Monda,Nicaragua,Nicaragua
Nova Monda,Nicaragua,Nicaragua
FJAK,Norway,India
FJAK,Norway,Tanzania
FJAK,Norway,Madagascar
Amazona,Peru,Peru
Amazona,Peru,Peru
Bakau,Peru,Peru
Bakau,Peru,Peru
Cacaosuyo,Peru,Peru
Cacaosuyo (Theobroma Inversiones),Peru,Peru
Christophe Toury,Peru,Peru
Marana,Peru,Peru
Marana,Peru,Peru
Marana,Peru,Peru
Nina,Peru,Peru
Orquidea,Peru,Peru
Orquidea,Peru,Peru
Pascha,Peru,Peru
Pascha,Peru,Peru
Shattell,Peru,Peru
Shattell,Peru,Peru
Tribar,Peru,Peru
Tribar,Peru,Peru
Auro,Philippines,Philippines
Auro,Philippines,Philippines
Auro,Philippines,Philippines
Auro,Philippines,Philippines
Malagos,Philippines,Philippines
Manufaktura Czekolady,Poland,Ghana
Manufaktura Czekolady,Poland,Dominican republic
Manufaktura Czekolady,Poland,Ecuador
Manufaktura Czekolady,Poland,Venezuela
Manufaktura Czekolady,Poland,Colombia
Manufaktura Czekolady,Poland,Nicaragua
Manufaktura Czekolady,Poland,Peru
Feitoria Cacao,Portugal,Jamaica
Feitoria Cacao,Portugal,Belize
Feitoria Cacao,Portugal,Venezuela
Cacao Arabuco,Puerto rico,Puerto rico
Forteza (Cortes),Puerto rico,Dominican republic
Forteza (Cortes),Puerto rico,Dominican republic
Loiza,Puerto rico,Puerto rico
Britarev,Russia,Ecuador
Claudio Corallo,Sao tome,Blend
Claudio Corallo,Sao tome,Blend
Claudio Corallo,Sao tome,Blend
Diogo Vaz,Sao tome & principe,Sao tome
Diogo Vaz,Sao tome & principe,Sao tome
Diogo Vaz,Sao tome & principe,Sao tome
Diogo Vaz,Sao tome & principe,Sao tome
"Chocolate Tree, The",Scotland,Madagascar
"Chocolate Tree, The",Scotland,Peru
"Chocolate Tree, The",Scotland,Ecuador
"Chocolate Tree, The",Scotland,Peru
"Chocolate Tree, The",Scotland,Peru
"Chocolate Tree, The",Scotland,Venezuela
iQ Chocolate,Scotland,Peru
iQ Chocolate,Scotland,Peru
Ocelot,Scotland,Peru
Ocelot,Scotland,Congo
Benns,Singapore,Vietnam
Benns,Singapore,India
Benns,Singapore,Malaysia
Fossa,Singapore,Tanzania
Fossa,Singapore,Ecuador
Fossa,Singapore,Madagascar
Fossa,Singapore,Haiti
Fossa,Singapore,Philippines
Fossa,Singapore,Bolivia
Fossa,Singapore,Indonesia
Fossa,Singapore,Dominican republic
Fossa,Singapore,Madagascar
Fossa,Singapore,Mexico
De Villiers,South africa,Madagascar
De Villiers,South africa,Uganda
Honest,South africa,Ecuador
organicfair,South africa,Panama
By Cacao,South korea,Ecuador
Choco Dong,South korea,Malaysia
Choco Dong,South korea,Vietnam
Public Chocolatory,South korea,Vietnam
Roasting Masters,South korea,Costa rica
Roasting Masters,South korea,Costa rica
Roasting Masters,South korea,Costa rica
Tree to Bar,South korea,Ecuador
Amatller (Simon Coll),Spain,Ghana
Amatller (Simon Coll),Spain,Ghana
Amatller (Simon Coll),Spain,Ecuador
Amatller (Simon Coll),Spain,Ecuador
Blanxart,Spain,Blend
Blanxart,Spain,Congo
Cacao Sampaka,Spain,Mexico
Cacao Sampaka,Spain,Mexico
Cacao Sampaka,Spain,Papua new guinea
Cacao Sampaka,Spain,Ecuador
Cacao Sampaka,Spain,Madagascar
Cacao Sampaka,Spain,Venezuela
Cacao Sampaka,Spain,Venezuela
Cacao Sampaka,Spain,Grenada
Cacao Sampaka,Spain,Congo
Chocovic,Spain,Blend
Chocovic,Spain,Ecuador
Chocovic,Spain,Grenada
Chocovic,Spain,Venezuela
Chocovic,Spain,Blend
Chocovic,Spain,Blend
Chocovic,Spain,Madagascar
Chocovic,Spain,Mexico
Kaitxo,Spain,Tanzania
Kaitxo,Spain,Nicaragua
Kaitxo,Spain,Peru
Pangea,Spain,Fiji
Pangea,Spain,Peru
Pangea,Spain,Belize
Pangea,Spain,Madagascar
Pangea,Spain,Dominican republic
Pangea,Spain,Philippines
Pangea,Spain,Bolivia
Utopick,Spain,Colombia
Utopick,Spain,Nicaragua
Cocoa Carib,St. lucia,St. lucia
Emerald Estate,St. lucia,St. lucia
Emerald Estate,St. lucia,St. lucia
Islands Chocolate,St.vincent-grenadines,St.vincent-grenadines
Tan Ban Skrati,Suriname,Suriname
Malmo,Sweden,Venezuela
Metiisto,Sweden,Madagascar
Metiisto,Sweden,Brazil
Svenska Kakaobolaget,Sweden,Sri lanka
Svenska Kakaobolaget,Sweden,Tanzania
The Barn,Sweden,Peru
Akesson's (Pralus),Switzerland,Madagascar
Akesson's (Pralus),Switzerland,Brazil
Akesson's (Pralus),Switzerland,Indonesia
Beschle (Felchlin),Switzerland,Indonesia
Beschle (Felchlin),Switzerland,Venezuela
Beschle (Felchlin),Switzerland,Venezuela
Beschle (Felchlin),Switzerland,Venezuela
Beschle (Felchlin),Switzerland,Ecuador
Beschle (Felchlin),Switzerland,Venezuela
Beschle (Felchlin),Switzerland,Madagascar
Beschle (Felchlin),Switzerland,Venezuela
Cacao Betulia,Switzerland,Colombia
Cacao Betulia,Switzerland,Colombia
Cacao Betulia,Switzerland,Colombia
Felchlin,Switzerland,Bolivia
Felchlin,Switzerland,Ecuador
Felchlin,Switzerland,Madagascar
Felchlin,Switzerland,Venezuela
Felchlin,Switzerland,Dominican republic
Felchlin,Switzerland,Blend
Felchlin,Switzerland,Grenada
Idilio (Felchlin),Switzerland,Venezuela
Idilio (Felchlin),Switzerland,Venezuela
Idilio (Felchlin),Switzerland,Venezuela
Idilio (Felchlin),Switzerland,Venezuela
Idilio (Felchlin),Switzerland,Venezuela
Idilio (Felchlin),Switzerland,Venezuela
Idilio (Felchlin),Switzerland,Venezuela
Idilio (Felchlin),Switzerland,Venezuela
Idilio (Felchlin),Switzerland,Venezuela
Idilio (Felchlin),Switzerland,Venezuela
Lindt & Sprungli,Switzerland,Blend
Original Beans (Felchlin),Switzerland,Bolivia
Original Beans (Felchlin),Switzerland,Congo
Original Beans (Felchlin),Switzerland,Peru
Original Beans (Felchlin),Switzerland,Bolivia
Original Beans (Felchlin),Switzerland,Blend
Original Beans (Felchlin),Switzerland,Papua new guinea
Sprungli (Felchlin),Switzerland,Bolivia
Stella (aka Bernrain),Switzerland,India
Stella (aka Bernrain),Switzerland,Brazil
Taucherli,Switzerland,Mexico
Taucherli,Switzerland,Nicaragua
Cacai Cacao,Taiwan,Philippines
Cacai Cacao,Taiwan,Taiwan
Fu Wan,Taiwan,Venezuela
Fu Wan,Taiwan,Madagascar
Fu Wan,Taiwan,Tanzania
Fu Wan,Taiwan,Taiwan
Love Brown,Taiwan,Nicaragua
Love Brown,Taiwan,Nicaragua
Love Brown,Taiwan,Sumatra
Love Brown,Taiwan,Nicaragua
Kad Kokoa,Thailand,Thailand
Kad Kokoa,Thailand,Thailand
Kad Kokoa,Thailand,Thailand
Kad Kokoa,Thailand,Thailand
Malai,Thailand,Thailand
Mirzam,U.a.e.,Vietnam
Mirzam,U.a.e.,Madagascar
Mirzam,U.a.e.,Papua new guinea
Mirzam,U.a.e.,Tanzania
Artisan du Chocolat,U.k.,Congo
Artisan du Chocolat,U.k.,Dominican republic
Artisan du Chocolat,U.k.,Madagascar
Artisan du Chocolat,U.k.,Peru
Artisan du Chocolat,U.k.,Indonesia
Artisan du Chocolat,U.k.,Venezuela
Artisan du Chocolat,U.k.,Brazil
Artisan du Chocolat,U.k.,Jamaica
Artisan du Chocolat,U.k.,Indonesia
Artisan du Chocolat,U.k.,Costa rica
Artisan du Chocolat,U.k.,Vietnam
Artisan du Chocolat,U.k.,Haiti
Artisan du Chocolat,U.k.,Panama
Artisan du Chocolat,U.k.,Colombia
Artisan du Chocolat,U.k.,Trinidad
Artisan du Chocolat (Casa Luker),U.k.,Colombia
Bean,U.k.,Peru
Beau Cacao,U.k.,Malaysia
Beau Cacao,U.k.,Malaysia
Black River (A. Morin),U.k.,Jamaica
Bullion,U.k.,Guatemala
Bullion,U.k.,Bolivia
Chocablog,U.k.,Ecuador
Chocolarder,U.k.,Peru
Chocolarder,U.k.,Peru
Chocolarder,U.k.,Dominican republic
Chocolarder,U.k.,Madagascar
Damson,U.k.,Ecuador
Damson,U.k.,Trinidad
Damson,U.k.,Nicaragua
Damson,U.k.,Grenada
Damson,U.k.,Blend
Doble & Bignall,U.k.,Nicaragua
Doble & Bignall,U.k.,Panama
Doble & Bignall,U.k.,Venezuela
Doble & Bignall,U.k.,Venezuela
Dormouse,U.k.,Colombia
Dormouse,U.k.,Madagascar
Dormouse,U.k.,Venezuela
Dormouse,U.k.,Grenada
Dormouse,U.k.,Guatemala
Dormouse,U.k.,Peru
Dormouse,U.k.,Philippines
Duffy's,U.k.,Ecuador
Duffy's,U.k.,Peru
Duffy's,U.k.,Panama
Duffy's,U.k.,Ecuador
Duffy's,U.k.,Honduras
Duffy's,U.k.,Dominican republic
Duffy's,U.k.,Venezuela
Duffy's,U.k.,Nicaragua
Duffy's,U.k.,Panama
Duffy's,U.k.,Venezuela
Duffy's,U.k.,Nicaragua
Duffy's,U.k.,Nicaragua
Duffy's,U.k.,Guatemala
Duffy's,U.k.,Nigeria
Duffy's,U.k.,Guatemala
Duffy's,U.k.,Philippines
Firetree,U.k.,Vanuatu
Firetree,U.k.,Papua new guinea
Firetree,U.k.,Solomon islands
Firetree,U.k.,Philippines
Forever Cacao,U.k.,Peru
Green & Black's (ICAM),U.k.,Blend
Harris & James,U.k.,Vietnam
Harris & James,U.k.,India
Hotel Chocolat,U.k.,St. lucia
Hotel Chocolat,U.k.,St. lucia
Hotel Chocolat,U.k.,Colombia
Hotel Chocolat,U.k.,Honduras
Hotel Chocolat,U.k.,Tanzania
Hotel Chocolat (Coppeneur),U.k.,St. lucia
Hotel Chocolat (Coppeneur),U.k.,Sao tome
Hotel Chocolat (Coppeneur),U.k.,Tanzania
Hotel Chocolat (Coppeneur),U.k.,Venezuela
Hotel Chocolat (Coppeneur),U.k.,St. lucia
Hotel Chocolat (Coppeneur),U.k.,Ecuador
Hotel Chocolat (Coppeneur),U.k.,St. lucia
Hotel Chocolat (Coppeneur),U.k.,Madagascar
Hotel Chocolat (Coppeneur),U.k.,Vietnam
Hotel Chocolat (Coppeneur),U.k.,Ecuador
Hotel Chocolat (Coppeneur),U.k.,Trinidad
Hotel Chocolat (Coppeneur),U.k.,Ecuador
Hotel Chocolat (Coppeneur),U.k.,Madagascar
Hotel Chocolat (Coppeneur),U.k.,Ecuador
Land,U.k.,Nicaragua
Land,U.k.,Honduras
Land,U.k.,Nicaragua
Paul Young,U.k.,Madagascar
Paul Young,U.k.,Madagascar
Pump Street Bakery,U.k.,Madagascar
Pump Street Bakery,U.k.,Ecuador
Pump Street Bakery,U.k.,Venezuela
Pump Street Bakery,U.k.,Ecuador
Pump Street Bakery,U.k.,Grenada
Pump Street Bakery,U.k.,Madagascar
Pump Street Bakery,U.k.,Honduras
Pump Street Bakery,U.k.,Ecuador
Pump Street Bakery,U.k.,Jamaica
Pump Street Bakery,U.k.,Solomon islands
Seaforth,U.k.,Dominican republic
Seaforth,U.k.,Grenada
Solkiki,U.k.,Dominican republic
Solkiki,U.k.,Peru
Solkiki,U.k.,Philippines
Tosier,U.k.,Belize
Tosier,U.k.,Bolivia
Tosier,U.k.,Haiti
Tosier,U.k.,Colombia
Willie's Cacao,U.k.,Venezuela
Willie's Cacao,U.k.,Peru
Willie's Cacao,U.k.,Indonesia
Willie's Cacao,U.k.,Venezuela
Willie's Cacao,U.k.,Madagascar
Willie's Cacao,U.k.,Colombia
Willie's Cacao,U.k.,Colombia
5150,U.S.A,Madagascar
5150,U.S.A,Dominican republic
5150,U.S.A,Tanzania
Acalli,U.S.A,Peru
Acalli,U.S.A,Peru
Acalli,U.S.A,Peru
Acalli,U.S.A,Mexico
Altus aka Cao Artisan,U.S.A,Bolivia
Altus aka Cao Artisan,U.S.A,Peru
Altus aka Cao Artisan,U.S.A,Dominican republic
Altus aka Cao Artisan,U.S.A,Bolivia
Altus aka Cao Artisan,U.S.A,Venezuela
Altus aka Cao Artisan,U.S.A,Peru
Altus aka Cao Artisan,U.S.A,Nicaragua
Altus aka Cao Artisan,U.S.A,Ecuador
Altus aka Cao Artisan,U.S.A,Bolivia
Altus aka Cao Artisan,U.S.A,Peru
Altus aka Cao Artisan,U.S.A,Dominican republic
Amano,U.S.A,Venezuela
Amano,U.S.A,Madagascar
Amano,U.S.A,Venezuela
Amano,U.S.A,Indonesia
Amano,U.S.A,Venezuela
Amano,U.S.A,Ecuador
Amano,U.S.A,Dominican republic
Amano,U.S.A,Venezuela
Amano,U.S.A,Papua new guinea
Anahata,U.S.A,Dominican republic
Animas,U.S.A,Bolivia
Arete,U.S.A,Nicaragua
Arete,U.S.A,Ecuador
Arete,U.S.A,Belize
Arete,U.S.A,Brazil
Arete,U.S.A,Peru
Arete,U.S.A,Dominican republic
Arete,U.S.A,Ecuador
Arete,U.S.A,Guatemala
Arete,U.S.A,Brazil
Arete,U.S.A,Costa rica
Arete,U.S.A,Peru
Arete,U.S.A,Tanzania
Arete,U.S.A,Nicaragua
Arete,U.S.A,Dominican republic
Arete,U.S.A,Trinidad
Arete,U.S.A,Vietnam
Arete,U.S.A,Guatemala
Arete,U.S.A,Honduras
Arete,U.S.A,Ecuador
Arete,U.S.A,Ecuador
Arete,U.S.A,Fiji
Arete,U.S.A,Vietnam
Arete,U.S.A,Bolivia
Arete,U.S.A,Haiti
Arete,U.S.A,India
Arete,U.S.A,Madagascar
Arete,U.S.A,Vietnam
Arete,U.S.A,Peru
Arete,U.S.A,Colombia
Arete,U.S.A,Trinidad
Arete,U.S.A,India
Arete,U.S.A,India
Askinosie,U.S.A,Ecuador
Askinosie,U.S.A,Mexico
Askinosie,U.S.A,Philippines
Askinosie,U.S.A,Tanzania
Askinosie,U.S.A,Honduras
Askinosie,U.S.A,Tanzania
Bankston,U.S.A,Tanzania
Bankston,U.S.A,Uganda
Bankston,U.S.A,Belize
Bar Au Chocolat,U.S.A,Madagascar
Bar Au Chocolat,U.S.A,Mexico
Bar Au Chocolat,U.S.A,Dominican republic
Bar Au Chocolat,U.S.A,Peru
Bar Au Chocolat,U.S.A,Brazil
Bar Au Chocolat,U.S.A,Costa rica
Bar Au Chocolat,U.S.A,Trinidad
Batch,U.S.A,Brazil
Batch,U.S.A,Dominican republic
Batch,U.S.A,Ecuador
Beehive,U.S.A,Brazil
Beehive,U.S.A,Dominican republic
Beehive,U.S.A,Ecuador
Beehive,U.S.A,Ecuador
Bellflower,U.S.A,Tanzania
Bellflower,U.S.A,Dominican republic
Bellflower,U.S.A,Bolivia
Bisou,U.S.A,Belize
Bisou,U.S.A,Nicaragua
Bisou,U.S.A,Costa rica
Bisou,U.S.A,Costa rica
Bittersweet Origins,U.S.A,Dominican republic
Bittersweet Origins,U.S.A,Panama
Bittersweet Origins,U.S.A,Madagascar
Bittersweet Origins,U.S.A,Ghana
Bittersweet Origins,U.S.A,Dominican republic
Bittersweet Origins,U.S.A,Madagascar
Bittersweet Origins,U.S.A,Madagascar
Bittersweet Origins,U.S.A,Dominican republic
Bittersweet Origins,U.S.A,Blend
Bittersweet Origins,U.S.A,Indonesia
Bittersweet Origins,U.S.A,Madagascar
Bittersweet Origins,U.S.A,Venezuela
Bittersweet Origins,U.S.A,Indonesia
Bittersweet Origins,U.S.A,Ghana
Bixby,U.S.A,Dominican republic
Bixby,U.S.A,Haiti
Bixby,U.S.A,Guatemala
Bixby,U.S.A,Belize
Black Mountain,U.S.A,Nicaragua
Black Mountain,U.S.A,Dominican republic
Black Mountain,U.S.A,Venezuela
Blue Bandana,U.S.A,Madagascar
Blue Bandana,U.S.A,Guatemala
Blue Bandana,U.S.A,Madagascar
Blue Bandana,U.S.A,Tanzania
Blue Bandana,U.S.A,Dominican republic
Blue Bandana,U.S.A,Guatemala
Boho,U.S.A,Belize
Box Chocolate,U.S.A,Dominican republic
Brasstown,U.S.A,Peru
Brasstown,U.S.A,Ecuador
Brasstown aka It's Chocolate,U.S.A,Ghana
Brasstown aka It's Chocolate,U.S.A,Venezuela
Brasstown aka It's Chocolate,U.S.A,Ecuador
Brasstown aka It's Chocolate,U.S.A,Dominican republic
Brasstown aka It's Chocolate,U.S.A,Venezuela
Brasstown aka It's Chocolate,U.S.A,Belize
Brasstown aka It's Chocolate,U.S.A,Dominican republic
Brasstown aka It's Chocolate,U.S.A,Nicaragua
Brasstown aka It's Chocolate,U.S.A,Venezuela
Brasstown aka It's Chocolate,U.S.A,Ecuador
Brasstown aka It's Chocolate,U.S.A,Dominican republic
Brasstown aka It's Chocolate,U.S.A,Bolivia
Brazen,U.S.A,Guatemala
Brazen,U.S.A,Dominican republic
Brazen,U.S.A,Belize
Brazen,U.S.A,Madagascar
Brazen,U.S.A,Dominican republic
Brazen,U.S.A,Madagascar
Breeze Mill,U.S.A,Jamaica
Bronx Grrl Chocolate,U.S.A,Dominican republic
Burnt Fork Bend,U.S.A,Ecuador
Burnt Fork Bend,U.S.A,Trinidad
Burnt Fork Bend,U.S.A,Belize
Burnt Fork Bend,U.S.A,Blend
Burnt Fork Bend,U.S.A,Ecuador
Cacao Atlanta,U.S.A,Dominican republic
Cacao Atlanta,U.S.A,Dominican republic
Cacao Atlanta,U.S.A,Venezuela
Cacao Atlanta,U.S.A,Peru
Cacao Market,U.S.A,Honduras
Cacao Prieto,U.S.A,Dominican republic
Cacao Prieto,U.S.A,Dominican republic
Cacao Prieto,U.S.A,Dominican republic
Cacao Prieto,U.S.A,Dominican republic
Cao,U.S.A,Brazil
Cao,U.S.A,Venezuela
Cao,U.S.A,Bolivia
Cao,U.S.A,Tanzania
Cao,U.S.A,Venezuela
Casa,U.S.A,Blend
Castronovo,U.S.A,Dominican republic
Castronovo,U.S.A,Venezuela
Castronovo,U.S.A,Nicaragua
Castronovo,U.S.A,Bolivia
Castronovo,U.S.A,Venezuela
Castronovo,U.S.A,Peru
Castronovo,U.S.A,Peru
Castronovo,U.S.A,Colombia
Castronovo,U.S.A,Colombia
Castronovo,U.S.A,Dominican republic
Castronovo,U.S.A,Dominican republic
Castronovo,U.S.A,Honduras
Castronovo,U.S.A,Venezuela
Castronovo,U.S.A,Belize
Castronovo,U.S.A,Venezuela
Castronovo,U.S.A,Mexico
Castronovo,U.S.A,Puerto rico
Cello,U.S.A,Bolivia
Cello,U.S.A,Peru
Cello,U.S.A,Venezuela
Cello,U.S.A,Ecuador
Charm School,U.S.A,Belize
Chequessett,U.S.A,Costa rica
Chequessett,U.S.A,Peru
Chequessett,U.S.A,Ecuador
Chocola'te,U.S.A,Madagascar
Chocola'te,U.S.A,Venezuela
Chocolate Alchemist-Philly,U.S.A,Peru
Chocolate Alchemist-Philly,U.S.A,Blend
Chocolate Con Amor,U.S.A,Ecuador
Chocolate Con Amor,U.S.A,Dominican republic
Chocolate Con Amor,U.S.A,Dominican republic
Chocolate Con Amor,U.S.A,Venezuela
Chocolate Con Amor,U.S.A,Uganda
Chocolate Con Amor,U.S.A,Nicaragua
Chocolate Con Amor,U.S.A,Bolivia
Chocolate Conspiracy,U.S.A,Peru
Chocolibrium,U.S.A,Guatemala
Chocolibrium,U.S.A,Peru
Chocolibrium,U.S.A,India
Chocovivo,U.S.A,Mexico
Chocovivo,U.S.A,Mexico
Christopher Elbow,U.S.A,Peru
Christopher Elbow,U.S.A,Brazil
Christopher Elbow,U.S.A,Dominican republic
Christopher Elbow,U.S.A,Ecuador
Christopher Elbow,U.S.A,Tanzania
Christopher Elbow,U.S.A,Costa rica
Christopher Elbow,U.S.A,Vietnam
Chuao Chocolatier,U.S.A,Venezuela
Chuao Chocolatier (Pralus),U.S.A,Venezuela
Cloudforest,U.S.A,Ecuador
Coleman & Davis,U.S.A,Madagascar
Condor,U.S.A,Ecuador
Confluence,U.S.A,Vietnam
Creo,U.S.A,Ecuador
Creo,U.S.A,Ecuador
Crow and Moss,U.S.A,Honduras
Crow and Moss,U.S.A,Dominican republic
Crow and Moss,U.S.A,Colombia
Dalloway,U.S.A,Dominican republic
Dandelion,U.S.A,Dominican republic
Dandelion,U.S.A,Colombia
Dandelion,U.S.A,Costa rica
Dandelion,U.S.A,Venezuela
Dandelion,U.S.A,Papua new guinea
Dandelion,U.S.A,Venezuela
Dandelion,U.S.A,Venezuela
Dandelion,U.S.A,Dominican republic
Dandelion,U.S.A,Belize
Dandelion,U.S.A,Ecuador
Dandelion,U.S.A,Liberia
Dandelion,U.S.A,Belize
Dandelion,U.S.A,Dominican republic
Dandelion,U.S.A,Costa rica
Dandelion,U.S.A,India
Dandelion,U.S.A,Honduras
Dandelion,U.S.A,Sierra leone
Dandelion,U.S.A,Vietnam
Dandelion (aka Brower Ave),U.S.A,Dominican republic
Dandelion (aka Brower Ave),U.S.A,Madagascar
Dandelion (aka Brower Ave),U.S.A,Tanzania
DAR,U.S.A,Blend
DAR,U.S.A,Vietnam
DAR,U.S.A,Venezuela
Dark Forest,U.S.A,Venezuela
Dark Forest,U.S.A,Ecuador
Dark Forest,U.S.A,Madagascar
Dark Forest,U.S.A,Tanzania
Dark Forest,U.S.A,Bolivia
Davis,U.S.A,Blend
Davis,U.S.A,Dominican republic
Davis,U.S.A,Venezuela
Davis,U.S.A,Ghana
Dean and Deluca (Belcolade),U.S.A,Costa rica
Dean and Deluca (Belcolade),U.S.A,Ecuador
Dean and Deluca (Belcolade),U.S.A,Ghana
Dean and Deluca (Belcolade),U.S.A,Papua new guinea
Dean and Deluca (Belcolade),U.S.A,Peru
Dean and Deluca (Belcolade),U.S.A,Madagascar
DeVries,U.S.A,Costa rica
DeVries,U.S.A,Dominican republic
DeVries,U.S.A,Bolivia
Dick Taylor,U.S.A,Ecuador
Dick Taylor,U.S.A,Dominican republic
Dick Taylor,U.S.A,Madagascar
Dick Taylor,U.S.A,Venezuela
Dick Taylor,U.S.A,Bolivia
Dick Taylor,U.S.A,Ecuador
Dick Taylor,U.S.A,Ecuador
Dick Taylor,U.S.A,Dominican republic
Dick Taylor,U.S.A,Bolivia
Dick Taylor,U.S.A,Vietnam
Dick Taylor,U.S.A,Solomon islands
Dick Taylor,U.S.A,Guatemala
Dick Taylor,U.S.A,Brazil
Dick Taylor,U.S.A,Fiji
Dick Taylor,U.S.A,Belize
Dick Taylor,U.S.A,Madagascar
Dick Taylor,U.S.A,Blend
Double Spiral,U.S.A,Dominican republic
Double Spiral,U.S.A,Tanzania
Double Spiral,U.S.A,Dominican republic
Dulcinea,U.S.A,Dominican republic
Durci,U.S.A,Ecuador
Durci,U.S.A,Peru
Durci,U.S.A,Venezuela
Durci,U.S.A,Dominican republic
Durci,U.S.A,Venezuela
Durci,U.S.A,Peru
Eclat (Felchlin),U.S.A,Peru
Eclat (Fruition),U.S.A,Peru
Eldora,U.S.A,Guatemala
ENNA,U.S.A,Honduras
ENNA,U.S.A,Vietnam
ENNA,U.S.A,Trinidad
ENNA,U.S.A,Tanzania
ENNA,U.S.A,Sierra leone
Escazu,U.S.A,Venezuela
Escazu,U.S.A,Venezuela
Escazu,U.S.A,Blend
Escazu,U.S.A,Costa rica
Escazu,U.S.A,Venezuela
Ethel's Artisan (Mars),U.S.A,Blend
Ethel's Artisan (Mars),U.S.A,Blend
Ethel's Artisan (Mars),U.S.A,Trinidad
Ethel's Artisan (Mars),U.S.A,Venezuela
Ethel's Artisan (Mars),U.S.A,Blend
Ethereal,U.S.A,Dominican republic
Ethereal,U.S.A,Ecuador
Ethereal,U.S.A,Belize
Ethereal,U.S.A,Guatemala
Exquisito,U.S.A,Peru
Fearless (AMMA),U.S.A,Brazil
Finca,U.S.A,Dominican republic
Finca,U.S.A,Dominican republic
Finca,U.S.A,Dominican republic
Finca,U.S.A,Puerto rico
Five (5)Mile,U.S.A,Dominican republic
Five (5)Mile,U.S.A,Colombia
Five (5)Mile,U.S.A,Belize
Five (5)Mile,U.S.A,Guatemala
French Broad,U.S.A,Peru
French Broad,U.S.A,Dominican republic
French Broad,U.S.A,Peru
French Broad,U.S.A,Peru
French Broad,U.S.A,Peru
French Broad,U.S.A,Peru
French Broad,U.S.A,Nicaragua
French Broad,U.S.A,Costa rica
French Broad,U.S.A,Guatemala
French Broad,U.S.A,Peru
French Broad,U.S.A,India
Fresco,U.S.A,Venezuela
Fresco,U.S.A,Jamaica
Fresco,U.S.A,Jamaica
Fresco,U.S.A,Jamaica
Fresco,U.S.A,Venezuela
Fresco,U.S.A,Dominican republic
Fresco,U.S.A,Jamaica
Fresco,U.S.A,Jamaica
Fresco,U.S.A,Dominican republic
Fresco,U.S.A,Venezuela
Fresco,U.S.A,Madagascar
Fresco,U.S.A,Ghana
Fresco,U.S.A,Madagascar
Fresco,U.S.A,Madagascar
Fresco,U.S.A,Papua new guinea
Fresco,U.S.A,Papua new guinea
Fresco,U.S.A,Papua new guinea
Fresco,U.S.A,Papua new guinea
Fresco,U.S.A,Peru
Fresco,U.S.A,Dominican republic
Fresco,U.S.A,Peru
Fresco,U.S.A,Dominican republic
Fresco,U.S.A,Peru
Fresco,U.S.A,Peru
Fresco,U.S.A,Peru
Fresco,U.S.A,Peru
Fresco,U.S.A,Guatemala
Fresco,U.S.A,Guatemala
Fresco,U.S.A,Guatemala
Fresco,U.S.A,Venezuela
Fresco,U.S.A,Venezuela
Fresh Coast,U.S.A,Tanzania
Fresh Coast,U.S.A,Brazil
Fresh Coast aka Just Good Choc.,U.S.A,Peru
Fresh Coast aka Just Good Choc.,U.S.A,Belize
Fresh Coast aka Just Good Choc.,U.S.A,Madagascar
Fruition,U.S.A,Costa rica
Fruition,U.S.A,Costa rica
Fruition,U.S.A,Peru
Fruition,U.S.A,Dominican republic
Fruition,U.S.A,Ecuador
Fruition,U.S.A,Trinidad
Fruition,U.S.A,Peru
Fruition,U.S.A,Costa rica
Fruition,U.S.A,Bolivia
Fruition,U.S.A,Madagascar
Fruition,U.S.A,Colombia
Garden Island,U.S.A,U.s.a.
Glennmade,U.S.A,Brazil
Glennmade,U.S.A,Belize
Gonzales,U.S.A,Venezuela
Goodnow,U.S.A,Costa rica
Goodnow,U.S.A,Colombia
Goodnow Farms,U.S.A,Guatemala
Goodnow Farms,U.S.A,Nicaragua
Goodnow Farms,U.S.A,Mexico
Goodnow Farms,U.S.A,Peru
Gotham,U.S.A,Belize
Guittard,U.S.A,Madagascar
Guittard,U.S.A,Ecuador
Guittard,U.S.A,Blend
Guittard,U.S.A,Colombia
Guittard,U.S.A,Blend
Guittard,U.S.A,Venezuela
Guittard,U.S.A,Blend
Guittard,U.S.A,Venezuela
Guittard,U.S.A,Peru
Guittard,U.S.A,Blend
Guittard,U.S.A,Blend
Guittard,U.S.A,U.s.a.
Guittard,U.S.A,Blend
Guittard,U.S.A,Trinidad
Guittard,U.S.A,Blend
Guittard,U.S.A,Blend
Guittard,U.S.A,Blend
Guittard,U.S.A,Ecuador
Guittard,U.S.A,Jamaica
Guittard,U.S.A,Haiti
Guittard,U.S.A,Nicaragua
Guittard,U.S.A,Blend
Harper Macaw,U.S.A,Brazil
Harper Macaw,U.S.A,Brazil
Harper Macaw,U.S.A,Brazil
Harper Macaw,U.S.A,Brazil
Harper Macaw,U.S.A,Brazil
Hazel Hill,U.S.A,Dominican republic
Hazel Hill,U.S.A,Tanzania
Hazel Hill,U.S.A,Peru
Heirloom Cacao Preservation (Brasstown),U.S.A,Belize
Heirloom Cacao Preservation (Fruition),U.S.A,Costa rica
Heirloom Cacao Preservation (Guittard),U.S.A,Ecuador
Heirloom Cacao Preservation (Guittard),U.S.A,U.s.a.
Heirloom Cacao Preservation (Guittard),U.S.A,Bolivia
Heirloom Cacao Preservation (Guittard),U.S.A,Bolivia
Heirloom Cacao Preservation (Manoa),U.S.A,U.s.a.
Heirloom Cacao Preservation (Millcreek),U.S.A,Ecuador
Heirloom Cacao Preservation (Mindo),U.S.A,Ecuador
Heirloom Cacao Preservation (Zokoko),U.S.A,Bolivia
Heirloom Cacao Preservation (Zokoko),U.S.A,Bolivia
hello cocoa,U.S.A,Venezuela
hello cocoa,U.S.A,Uganda
hexx,U.S.A,Ecuador
hexx,U.S.A,Peru
hexx,U.S.A,Madagascar
hexx,U.S.A,Venezuela
hexx,U.S.A,Tanzania
hexx,U.S.A,Dominican republic
hexx,U.S.A,Tanzania
hexx,U.S.A,Madagascar
hexx,U.S.A,Ecuador
hexx,U.S.A,Peru
Indaphoria,U.S.A,Dominican republic
Indaphoria,U.S.A,Dominican republic
Indi,U.S.A,Honduras
Indi,U.S.A,Vietnam
Isidro,U.S.A,Madagascar
Isidro,U.S.A,Belize
Isidro,U.S.A,Dominican republic
Isidro,U.S.A,Peru
Izard,U.S.A,Belize
Izard,U.S.A,Dominican republic
Jacque Torres,U.S.A,Ghana
Jean Marie Auboine,U.S.A,Venezuela
Johnny Iuzzini,U.S.A,Ecuador
Johnny Iuzzini,U.S.A,Venezuela
Johnny Iuzzini,U.S.A,Vietnam
Johnny Iuzzini,U.S.A,Ecuador
Johnny Iuzzini,U.S.A,Madagascar
Johnny Iuzzini,U.S.A,Jamaica
Johnny Iuzzini,U.S.A,Peru
Johnny Iuzzini,U.S.A,Colombia
Johnny Iuzzini,U.S.A,Trinidad
Johnny Iuzzini,U.S.A,India
Kah Kow - USA,U.S.A,Dominican republic
Kah Kow - USA,U.S.A,Dominican republic
Kerchner,U.S.A,Dominican republic
Kiskadee,U.S.A,Dominican republic
Kto,U.S.A,Madagascar
Kto,U.S.A,Belize
Kto,U.S.A,Dominican republic
Kto,U.S.A,Dominican republic
Kto,U.S.A,Belize
Kto,U.S.A,Venezuela
Kto,U.S.A,Peru
K'ul,U.S.A,Brazil
K'ul,U.S.A,Ecuador
K'ul,U.S.A,Haiti
K'ul,U.S.A,Peru
Kyya,U.S.A,Dominican republic
Kyya,U.S.A,Madagascar
Kyya,U.S.A,Uganda
Kyya,U.S.A,Ecuador
L.A. Burdick (Felchlin),U.S.A,Madagascar
L.A. Burdick (Felchlin),U.S.A,Bolivia
L.A. Burdick (Felchlin),U.S.A,Dominican republic
L.A. Burdick (Felchlin),U.S.A,Grenada
L.A. Burdick (Felchlin),U.S.A,Venezuela
L.A. Burdick (Felchlin),U.S.A,Ecuador
L.A. Burdick (Felchlin),U.S.A,Brazil
L.A. Burdick (Felchlin),U.S.A,Venezuela
L.A. Burdick (Felchlin),U.S.A,Peru
La Cascade du Chocolat,U.S.A,Fiji
La Chorena,U.S.A,Belize
La Chorena,U.S.A,Guatemala
La Chorena,U.S.A,Dominican republic
La Chorena,U.S.A,Peru
L'Amourette,U.S.A,Venezuela
L'Amourette,U.S.A,Venezuela
L'Amourette,U.S.A,Blend
L'Amourette,U.S.A,Nicaragua
Landmark (Amano),U.S.A,Bolivia
Letterpress,U.S.A,Peru
Letterpress,U.S.A,Trinidad
Letterpress,U.S.A,Tanzania
Letterpress,U.S.A,Bolivia
Letterpress,U.S.A,Dominican republic
Letterpress,U.S.A,Costa rica
Letterpress,U.S.A,Liberia
Letterpress,U.S.A,Peru
Letterpress,U.S.A,Honduras
Letterpress,U.S.A,Belize
Letterpress,U.S.A,Ghana
Letterpress,U.S.A,Jamaica
Letterpress,U.S.A,Bolvia
Lillie Belle,U.S.A,Peru
Lillie Belle,U.S.A,Peru
Lillie Belle,U.S.A,Bolivia
Lillie Belle,U.S.A,Bolivia
Lillie Belle,U.S.A,Dominican republic
Lillie Belle,U.S.A,Blend
Lonohana,U.S.A,U.s.a.
Lonohana,U.S.A,U.s.a.
Lonohana,U.S.A,U.s.a.
Lonohana,U.S.A,U.s.a.
Lonohana,U.S.A,U.s.a.
Lonohana,U.S.A,U.s.a.
Love Bar,U.S.A,Nicaragua
MADE,U.S.A,Ghana
MADE,U.S.A,Uganda
Madre,U.S.A,Mexico
Madre,U.S.A,Costa rica
Madre,U.S.A,Dominican republic
Madre,U.S.A,U.s.a.
Madre,U.S.A,U.s.a.
Madre,U.S.A,U.s.a.
Madre,U.S.A,Brazil
Madre,U.S.A,Puerto rico
Madre,U.S.A,U.s.a.
Madre,U.S.A,Mexico
Madre,U.S.A,Solomon islands
Malie Kai (Guittard),U.S.A,U.s.a.
Malie Kai (Guittard),U.S.A,U.s.a.
Mana,U.S.A,Dominican republic
Mana,U.S.A,Venezuela
Mana,U.S.A,Peru
Mana,U.S.A,Ecuador
Manoa,U.S.A,Liberia
Manoa,U.S.A,U.s.a.
Manoa,U.S.A,Peru
Manoa,U.S.A,U.s.a.
Manoa,U.S.A,U.s.a.
Manoa,U.S.A,Costa rica
Manoa,U.S.A,Papua new guinea
Manoa,U.S.A,Peru
Manoa,U.S.A,U.s.a.
Map Chocolate,U.S.A,Dominican republic
Map Chocolate,U.S.A,Peru
Map Chocolate,U.S.A,Ecuador
Map Chocolate,U.S.A,Nicaragua
Map Chocolate,U.S.A,Peru
Map Chocolate,U.S.A,Honduras
Map Chocolate,U.S.A,Tanzania
Map Chocolate,U.S.A,Trinidad
Map Chocolate,U.S.A,Colombia
Map Chocolate,U.S.A,Vietnam
Map Chocolate,U.S.A,Vietnam
Map Chocolate,U.S.A,Dominican republic
Map Chocolate,U.S.A,Mexico
Map Chocolate,U.S.A,Blend
Markham & Fitz,U.S.A,Haiti
Marsatta,U.S.A,Dominican republic
Marsatta,U.S.A,Dominican republic
Mast Brothers,U.S.A,Dominican republic
Mast Brothers,U.S.A,Venezuela
Mast Brothers,U.S.A,Venezuela
Mast Brothers,U.S.A,Dominican republic
Mast Brothers,U.S.A,Blend
Mast Brothers,U.S.A,Belize
Mast Brothers,U.S.A,Dominican republic
Mast Brothers,U.S.A,Venezuela
Mast Brothers,U.S.A,Venezuela
Mast Brothers,U.S.A,Peru
Mast Brothers,U.S.A,Venezuela
Mast Brothers,U.S.A,Papua new guinea
Mast Brothers,U.S.A,Blend
Mast Brothers,U.S.A,Venezuela
Mast Brothers,U.S.A,Blend
Mast Brothers,U.S.A,Blend
Mast Brothers,U.S.A,Tanzania
Mast Brothers,U.S.A,Guatemala
Maverick,U.S.A,Peru
Maverick,U.S.A,Belize
Maverick,U.S.A,Dominican republic
Maverick,U.S.A,Peru
Maverick,U.S.A,Madagascar
Maverick,U.S.A,U.s.a.
Maverick,U.S.A,Vietnam
Mayacama,U.S.A,Dominican republic
Meadowlands,U.S.A,Dominican republic
Meadowlands,U.S.A,Belize
Meadowlands,U.S.A,Nicaragua
Meadowlands,U.S.A,Venezuela
Meadowlands,U.S.A,Bolivia
Middlebury,U.S.A,Indonesia
Middlebury,U.S.A,Bolivia
Middlebury,U.S.A,Blend
Middlebury,U.S.A,Belize
Middlebury,U.S.A,Dominican republic
Middlebury,U.S.A,Dominican republic
Middlebury,U.S.A,Venezuela
Middlebury,U.S.A,Belize
Middlebury,U.S.A,Trinidad
Middlebury,U.S.A,Nicaragua
Middlebury,U.S.A,Tanzania
Millcreek Cacao Roasters,U.S.A,Ecuador
Millcreek Cacao Roasters,U.S.A,Ecuador
Mindo,U.S.A,Ecuador
Mindo,U.S.A,Ecuador
Moho,U.S.A,Belize
Moho,U.S.A,Belize
Moho,U.S.A,Belize
Moka,U.S.A,Cameroon
Moka,U.S.A,Brazil
Moka,U.S.A,Tanzania
Moka,U.S.A,Dominican republic
Moka,U.S.A,Sierra leone
Molucca,U.S.A,Peru
Molucca,U.S.A,Dominican republic
Molucca,U.S.A,Indonesia
Monsoon,U.S.A,Mexico
Muchomas (Mesocacao),U.S.A,Nicaragua
Muchomas (Mesocacao),U.S.A,Nicaragua
Mutari,U.S.A,Vietnam
Mutari,U.S.A,Dominican republic
Mutari,U.S.A,Tanzania
Mutari,U.S.A,Madagascar
Nathan Miller,U.S.A,Ghana
Nathan Miller,U.S.A,Dominican republic
Nathan Miller,U.S.A,Madagascar
Nathan Miller,U.S.A,Peru
Nibble,U.S.A,Madagascar
Nibble,U.S.A,Peru
Nibble,U.S.A,Dominican republic
Nibble,U.S.A,Venezuela
Nibble,U.S.A,Brazil
Night Owl,U.S.A,Ecuador
Night Owl,U.S.A,Peru
Ninth (9th) & Larkin,U.S.A,Tanzania
Ninth (9th) & Larkin,U.S.A,Dominican republic
Ninth (9th) & Larkin,U.S.A,Vietnam
Ninth (9th) & Larkin,U.S.A,Colombia
Ninth (9th) & Larkin,U.S.A,Fiji
Noble Bean aka Jerjobo,U.S.A,Peru
Noble Bean aka Jerjobo,U.S.A,Ghana
Noble Bean aka Jerjobo,U.S.A,Belize
Nuance,U.S.A,Ghana
Nuance,U.S.A,Dominican republic
Nuance,U.S.A,Madagascar
Nuance,U.S.A,Venezuela
Nuance,U.S.A,Ecuador
Nuance,U.S.A,Vietnam
Nuance,U.S.A,Nigeria
Oakland Chocolate Co.,U.S.A,Jamaica
Ohiyo,U.S.A,Tanzania
Ohiyo,U.S.A,Trinidad
Olive and Sinclair,U.S.A,Blend
Olive and Sinclair,U.S.A,Blend
Olive and Sinclair,U.S.A,Dominican republic
Olive and Sinclair,U.S.A,Ghana
Original Hawaiin Chocolate Factory,U.S.A,U.s.a.
Original Hawaiin Chocolate Factory,U.S.A,U.s.a.
Park 75,U.S.A,Blend
Parliament,U.S.A,Dominican republic
Parliament,U.S.A,Bolivia
Parliament,U.S.A,Guatemala
Parliament,U.S.A,Tanzania
Parre Chocolat,U.S.A,Colombia
Parre Chocolat,U.S.A,Guatemala
Parre Chocolat,U.S.A,Dominican republic
Patric,U.S.A,Madagascar
Patric,U.S.A,Madagascar
Patric,U.S.A,Madagascar
Patric,U.S.A,Venezuela
Patric,U.S.A,Blend
Patric,U.S.A,Peru
Peppalo,U.S.A,Dominican republic
Perrenial,U.S.A,Fiji
Piety and Desire,U.S.A,Tanzania
Piety and Desire,U.S.A,India
Piety and Desire,U.S.A,Vietnam
Pinellas,U.S.A,Honduras
Pitch Dark,U.S.A,Ecuador
Pitch Dark,U.S.A,Madagascar
Pitch Dark,U.S.A,Ecuador
Pitch Dark,U.S.A,Fiji
Pitch Dark,U.S.A,Nicaragua
Pitch Dark,U.S.A,Nicaragua
Pitch Dark,U.S.A,Nicaragua
Pitch Dark,U.S.A,Nicaragua
Pitch Dark,U.S.A,Nicaragua
Pomm (aka Dead Dog),U.S.A,Peru
Pomm (aka Dead Dog),U.S.A,Dominican republic
Potomac,U.S.A,Costa rica
Potomac,U.S.A,Costa rica
Potomac,U.S.A,Brazil
Potomac,U.S.A,Costa rica
Potomac,U.S.A,Peru
Potomac,U.S.A,Venezuela
Potomac,U.S.A,Dominican republic
Potomac,U.S.A,Colombia
Primo Botanica,U.S.A,Tanzania
Primo Botanica,U.S.A,Peru
Raaka,U.S.A,Dominican republic
Raaka,U.S.A,Madagascar
Raaka,U.S.A,Congo
Raaka,U.S.A,Peru
Raaka,U.S.A,Haiti
Raaka,U.S.A,Haiti
Ranger,U.S.A,Peru
Ranger,U.S.A,Peru
Ranger,U.S.A,Peru
Raphio,U.S.A,Tanzania
Raphio,U.S.A,Peru
Raphio,U.S.A,Ecuador
Raphio,U.S.A,Dominican republic
Raphio,U.S.A,Nicaragua
Ritual,U.S.A,Costa rica
Ritual,U.S.A,Madagascar
Ritual,U.S.A,Trinidad
Ritual,U.S.A,Ecuador
Ritual,U.S.A,Belize
Ritual,U.S.A,Peru
Ritual,U.S.A,Ecuador
Ritual,U.S.A,Blend
Ritual,U.S.A,Ecuador
Ritual,U.S.A,Mexico
Ritual,U.S.A,Nicaragua
Ritual,U.S.A,Trinidad
River-Sea,U.S.A,Tanzania
River-Sea,U.S.A,Fiji
River-Sea,U.S.A,Peru
Rogue,U.S.A,Madagascar
Rogue,U.S.A,Trinidad
Rogue,U.S.A,Dominican republic
Rogue,U.S.A,Jamaica
Rogue,U.S.A,Venezuela
Rogue,U.S.A,Peru
Rogue,U.S.A,Bolivia
Rogue,U.S.A,Ecuador
Rogue,U.S.A,Bolivia
Rogue,U.S.A,Jamaica
Rogue,U.S.A,Madagascar
Rogue,U.S.A,Dominican republic
Rogue,U.S.A,Venezuela
Rogue,U.S.A,Venezuela
Rogue,U.S.A,Bolivia
Rogue,U.S.A,Honduras
Sacred,U.S.A,Blend
Sacred,U.S.A,Blend
Scharffen Berger,U.S.A,Blend
Scharffen Berger,U.S.A,Blend
Scharffen Berger,U.S.A,Blend
Scharffen Berger,U.S.A,Blend
Scharffen Berger,U.S.A,Jamaica
Scharffen Berger,U.S.A,Venezuela
Scharffen Berger,U.S.A,Blend
Scharffen Berger,U.S.A,Blend
Scharffen Berger,U.S.A,Blend
Scharffen Berger,U.S.A,Blend
Scharffen Berger,U.S.A,Ghana
Scharffen Berger,U.S.A,Brazil
Scharffen Berger,U.S.A,Vietnam
Scharffen Berger,U.S.A,Madagascar
Scharffen Berger,U.S.A,Grenada
Scharffen Berger,U.S.A,Papua new guinea
Scharffen Berger,U.S.A,Peru
Seahorse,U.S.A,Tanzania
Seahorse,U.S.A,Dominican republic
Seahorse,U.S.A,Honduras
Seahorse,U.S.A,Uganda
Seahorse,U.S.A,Fiji
Shane Chocolate Works,U.S.A,Belize
Shane Chocolate Works,U.S.A,Guatemala
Shane Chocolate Works,U.S.A,Colombia
Shark Mountain,U.S.A,Belize
Shark Mountain,U.S.A,Ecuador
Shark Mountain,U.S.A,Papua new guinea
Shark Mountain,U.S.A,Dominican republic
Shark Mountain,U.S.A,Jamaica
Shark Mountain,U.S.A,Venezuela
Shark's,U.S.A,U.s.a.
Shark's,U.S.A,U.s.a.
Sjolinds,U.S.A,Nicaragua
Sjolinds,U.S.A,Ghana
Snake & Butterfly,U.S.A,Ecuador
Snake & Butterfly,U.S.A,Madagascar
Snake & Butterfly,U.S.A,Ghana
Sol Cacao,U.S.A,Madagascar
Sol Cacao,U.S.A,Ecuador
Solstice,U.S.A,Blend
Solstice,U.S.A,Bolivia
Solstice,U.S.A,Peru
Solstice,U.S.A,Madagascar
Solstice,U.S.A,Venezuela
Solstice,U.S.A,Uganda
Solstice,U.S.A,Tanzania
Solstice,U.S.A,India
Somerville,U.S.A,U.s.a.
Somerville,U.S.A,Nicaragua
Spagnvola,U.S.A,Dominican republic
Spagnvola,U.S.A,Dominican republic
Spagnvola,U.S.A,Dominican republic
Spencer,U.S.A,Dominican republic
Spencer,U.S.A,Ecuador
Spencer,U.S.A,Peru
SRSLY,U.S.A,Dominican republic
SRSLY,U.S.A,Dominican republic
Starchild,U.S.A,Ecuador
Starchild,U.S.A,Dominican republic
Starchild,U.S.A,Guatemala
Starchild,U.S.A,Nicaragua
Starchild,U.S.A,Madagascar
Stone Grindz,U.S.A,Ecuador
Stone Grindz,U.S.A,Ecuador
Stone Grindz,U.S.A,Bolivia
StRita Supreme,U.S.A,Philippines
StRita Supreme,U.S.A,Philippines
StRita Supreme,U.S.A,Philippines
Sublime Origins,U.S.A,Belize
Sublime Origins,U.S.A,Madagascar
Tabal,U.S.A,Peru
Tabal,U.S.A,Costa rica
Tabal,U.S.A,Dominican republic
Tabal,U.S.A,Mexico
Taste Artisan,U.S.A,Peru
Taste Artisan,U.S.A,Peru
Taste Artisan,U.S.A,Venezuela
Taza,U.S.A,Dominican republic
Taza,U.S.A,Mexico
Taza,U.S.A,Bolivia
Taza,U.S.A,Belize
TCHO,U.S.A,Madagascar
TCHO,U.S.A,Ghana
TCHO,U.S.A,Peru
TCHO,U.S.A,Peru
TCHO,U.S.A,Blend
TCHO,U.S.A,Blend
TCHO,U.S.A,Blend
Tejas,U.S.A,Dominican republic
Tejas,U.S.A,Brazil
Tejas,U.S.A,Ecuador
Tejas,U.S.A,Ecuador
Tejas,U.S.A,Mexico
Tejas,U.S.A,Bolivia
Tejas,U.S.A,Blend
Tejas,U.S.A,Papua new guinea
Tejas,U.S.A,Madagascar
Tejas,U.S.A,Venezuela
Tejas,U.S.A,Madagascar
Tejas,U.S.A,Bolivia
Tejas,U.S.A,Brazil
Tejas,U.S.A,Peru
Terroir,U.S.A,Madagascar
Terroir,U.S.A,Uganda
Terroir,U.S.A,Ecuador
Terroir,U.S.A,Belize
Terroir,U.S.A,Madagascar
Terroir,U.S.A,Guatemala
Terroir,U.S.A,Dominican republic
Terroir,U.S.A,Ecuador
Terroir,U.S.A,Peru
Terroir,U.S.A,Bolivia
Terroir,U.S.A,Belize
Terroir,U.S.A,Haiti
Theo,U.S.A,Madagascar
Theo,U.S.A,Ghana
Theo,U.S.A,Blend
Theo,U.S.A,Ivory coast
Theo,U.S.A,Venezuela
Theo,U.S.A,Congo
Thistle & Rose aka Aggie USU,U.S.A,Ecuador
Tiny House,U.S.A,Tanzania
Tocoti,U.S.A,Dominican republic
Tocoti,U.S.A,Venezuela
Tocoti,U.S.A,Bolivia
Treehouse,U.S.A,Dominican republic
twenty-four blackbirds,U.S.A,Dominican republic
twenty-four blackbirds,U.S.A,Dominican republic
twenty-four blackbirds,U.S.A,Bolivia
twenty-four blackbirds,U.S.A,Madagascar
twenty-four blackbirds,U.S.A,Ecuador
twenty-four blackbirds,U.S.A,Dominican republic
twenty-four blackbirds,U.S.A,Tanzania
Two Ravens,U.S.A,Peru
Undone,U.S.A,Dominican republic
Undone,U.S.A,Nicaragua
Upchurch,U.S.A,Tanzania
Upchurch,U.S.A,Madagascar
Vicuna,U.S.A,Bolivia
Vicuna,U.S.A,Bolivia
Vicuna,U.S.A,Dominican republic
Vicuna,U.S.A,Guatemala
Vicuna,U.S.A,Bolivia
Videri,U.S.A,Blend
Videri,U.S.A,Blend
Videri,U.S.A,Trinidad
Videri,U.S.A,Ecuador
Videri,U.S.A,Dominican republic
Vintage Plantations,U.S.A,Peru
Vintage Plantations (Tulicorp),U.S.A,Ecuador
Violet Sky,U.S.A,Peru
Violet Sky,U.S.A,Belize
Violet Sky,U.S.A,Venezuela
Violet Sky,U.S.A,Madagascar
Violet Sky,U.S.A,Guatemala
Vivra,U.S.A,Dominican republic
Vivra,U.S.A,Peru
Vivra,U.S.A,Venezuela
Vivra,U.S.A,Bolivia
Vivra,U.S.A,Haiti
White Label,U.S.A,Tanzania
White Label,U.S.A,Bolivia
Wm,U.S.A,Ghana
Wm,U.S.A,Bolivia
Wm,U.S.A,Venezuela
Wm,U.S.A,Venezuela
Wm,U.S.A,Belize
Woodblock,U.S.A,Venezuela
Woodblock,U.S.A,Dominican republic
Woodblock,U.S.A,Madagascar
Woodblock,U.S.A,Costa rica
Woodblock,U.S.A,Ecuador
Woodblock,U.S.A,Trinidad
Woodblock,U.S.A,Ecuador
Woodblock,U.S.A,Peru
Xocolla,U.S.A,Madagascar
Xocolla,U.S.A,Dominican republic
Zak's,U.S.A,Belize
Zak's,U.S.A,Dominican republic
Zak's,U.S.A,Madagascar
Zak's,U.S.A,Peru
Zak's,U.S.A,Papua new guinea
Zak's,U.S.A,Blend
Aelan,Vanuatu,Vanuatu
Aelan,Vanuatu,Vanuatu
Aelan,Vanuatu,Vanuatu
Aelan,Vanuatu,Vanuatu
Bitacora,Venezuela,Venezuela
Bitacora,Venezuela,Venezuela
Bitacora,Venezuela,Venezuela
Cacao de Origen,Venezuela,Venezuela
Cacao de Origen,Venezuela,Venezuela
Cacao de Origen,Venezuela,Venezuela
Cacao de Origen,Venezuela,Venezuela
Cacao de Origen,Venezuela,Venezuela
Cacao de Origen,Venezuela,Venezuela
Cacao de Origen,Venezuela,Venezuela
Cacao de Origen,Venezuela,Venezuela
Cacao de Origen,Venezuela,Venezuela
Cacao de Origen,Venezuela,Venezuela
El Rey,Venezuela,Venezuela
El Rey,Venezuela,Venezuela
El Rey,Venezuela,Venezuela
El Rey,Venezuela,Venezuela
El Rey,Venezuela,Venezuela
El Rey,Venezuela,Venezuela
El Rey,Venezuela,Venezuela
Franceschi,Venezuela,Venezuela
Franceschi,Venezuela,Venezuela
Franceschi,Venezuela,Venezuela
Franceschi,Venezuela,Venezuela
Franceschi,Venezuela,Venezuela
Franceschi,Venezuela,Venezuela
Franceschi,Venezuela,Venezuela
Franceschi,Venezuela,Venezuela
Franceschi,Venezuela,Venezuela
Suruca Chocolate,Venezuela,Venezuela
Suruca Chocolate,Venezuela,Venezuela
Belvie,Vietnam,Vietnam
Grand Place,Vietnam,Vietnam
Marou,Vietnam,Vietnam
Marou,Vietnam,Vietnam
Marou,Vietnam,Vietnam
Marou,Vietnam,Vietnam
Marou,Vietnam,Vietnam
Marou,Vietnam,Vietnam
Marou,Vietnam,Vietnam
Marou,Vietnam,Vietnam
Marou,Vietnam,Vietnam
Marou,Vietnam,Vietnam
Marou,Vietnam,Vietnam
Tala,Vietnam,Vietnam
Tala,Vietnam,Vietnam
Baravelli's,Wales,Costa rica